,Survived,Pclass,Sex,Age,Fare,C,Q,S,Size
0,0,3,1,0.2711736617240513,0.014151057562208049,0,0,1,2
1,1,1,0,0.4722292033174164,0.13913573538264068,1,0,0,2
2,1,3,0,0.32143754712239253,0.015468569817999833,0,0,1,1
3,1,1,0,0.43453128926866047,0.10364429745562033,0,0,1,2
4,0,3,1,0.43453128926866047,0.015712553569072387,0,0,1,1
5,0,3,1,0.37170143252073384,0.01650950209357577,0,1,0,1
6,0,1,1,0.6732847449107816,0.10122885832000206,0,0,1,1
7,0,3,1,0.01985423473234481,0.04113566043083236,0,0,1,5
8,1,3,0,0.33400351847197784,0.021730754366528396,0,0,1,3
9,1,2,0,0.17064589092736868,0.058694292654020104,1,0,0,2
10,1,3,0,0.04498617743151546,0.03259622914329302,0,0,1,3
11,1,1,0,0.7235486303091229,0.051822148727810165,0,0,1,1
12,0,3,1,0.24604171902488062,0.015712553569072387,0,0,1,1
13,0,3,1,0.4847951746670017,0.06104473451835265,0,0,1,7
14,0,3,0,0.17064589092736868,0.015330377421392339,0,0,1,1
15,1,2,0,0.6858507162603669,0.03122992013728673,0,0,1,1
16,0,3,1,0.01985423473234481,0.056848213999904744,0,1,0,6
17,1,2,1,0.37170143252073384,0.025374310111545468,0,0,1,1
18,0,3,0,0.38426740387031916,0.03513366015444757,0,0,1,2
19,1,3,0,0.43453128926866047,0.014102260811993537,1,0,0,1
20,0,2,1,0.43453128926866047,0.050748620223090936,0,0,1,1
21,1,2,1,0.42196531791907516,0.025374310111545468,0,0,1,1
22,1,3,0,0.18321186227695402,0.015671954672893913,0,1,0,1
23,1,1,1,0.3465694898215632,0.06929138530460492,0,0,1,1
24,0,3,0,0.09525006282985675,0.04113566043083236,0,0,1,5
25,1,3,0,0.4722292033174164,0.061264319894317944,0,0,1,7
26,0,3,1,0.37170143252073384,0.014102260811993537,1,0,0,1
27,0,1,1,0.23347574767529528,0.5133418122566505,0,0,1,6
28,1,3,0,0.2586076903744659,0.01537917417160685,0,1,0,1
29,0,3,1,0.37170143252073384,0.015411575213749284,0,0,1,1
30,0,1,1,0.4973611460165871,0.05410739813385612,1,0,0,1
31,1,1,0,0.43453128926866047,0.2859895551532101,1,0,0,2
32,1,3,0,0.2586076903744659,0.015126992566498259,0,1,0,1
33,0,2,1,0.8240764011058055,0.020494635090094415,0,0,1,1
34,0,1,1,0.3465694898215632,0.16038672010106,1,0,0,2
35,0,1,1,0.5224930887157577,0.10149724044618187,0,0,1,2
36,1,3,1,0.37170143252073384,0.014110458666029575,1,0,0,1
37,0,3,1,0.2586076903744659,0.015712553569072387,0,0,1,1
38,0,3,0,0.22090977632570996,0.03513366015444757,0,0,1,3
39,1,3,0,0.17064589092736868,0.021942337075458514,1,0,0,2
40,0,3,0,0.4973611460165871,0.018493968331299484,0,0,1,2
41,0,2,0,0.33400351847197784,0.04098927018018883,0,0,1,2
42,0,3,1,0.37170143252073384,0.015411575213749284,1,0,0,1
43,1,2,0,0.032420206081930136,0.08115719346076702,1,0,0,4
44,1,3,0,0.23347574767529528,0.01537917417160685,0,1,0,1
45,0,3,1,0.37170143252073384,0.015712553569072387,0,0,1,1
46,0,3,1,0.37170143252073384,0.030253985132996517,0,1,0,2
47,1,3,0,0.2586076903744659,0.015126992566498259,0,1,0,1
48,0,3,1,0.37170143252073384,0.04231498029001666,1,0,0,3
49,0,3,0,0.22090977632570996,0.034743286152731485,0,0,1,2
50,0,3,1,0.08268409148027142,0.07746484096553544,0,0,1,6
51,0,3,1,0.2586076903744659,0.01522458606692728,0,0,1,1
52,1,1,0,0.610454888162855,0.1497654242623688,1,0,0,2
53,1,2,0,0.35913546117114853,0.050748620223090936,0,0,1,2
54,0,1,1,0.8115104297562201,0.1209753416358076,1,0,0,2
55,1,1,1,0.37170143252073384,0.06929138530460492,0,0,1,1
56,1,2,0,0.2586076903744659,0.020494635090094415,0,0,1,1
57,0,3,1,0.35285247549635584,0.014110458666029575,1,0,0,1
58,1,2,0,0.05755214878110078,0.05416439273810667,0,0,1,4
59,0,3,1,0.13294797687861273,0.09154270340242172,0,0,1,8
60,0,3,1,0.2711736617240513,0.014110458666029575,1,0,0,1
61,1,1,0,0.4722292033174164,0.15614960068643363,0,0,1,1
62,0,1,1,0.5601910027645137,0.16293234896625058,0,0,1,2
63,0,3,1,0.04498617743151546,0.05445717323939373,0,0,1,6
64,0,1,1,0.37170143252073384,0.05410739813385612,1,0,0,1
65,1,3,1,0.03870319175672279,0.029757819776815374,1,0,0,3
66,1,2,0,0.35913546117114853,0.020494635090094415,0,0,1,1
67,0,3,1,0.23347574767529528,0.015923941091001644,0,0,1,1
68,1,3,0,0.20834380497612465,0.015468569817999833,0,0,1,7
69,0,3,1,0.32143754712239253,0.016908073949327893,0,0,1,3
70,0,2,1,0.39683337521990447,0.020494635090094415,0,0,1,1
71,0,3,0,0.19577783362653933,0.09154270340242172,0,0,1,8
72,0,2,1,0.2586076903744659,0.1434624456306609,0,0,1,1
73,0,3,1,0.32143754712239253,0.028212719478023115,1,0,0,2
74,1,3,1,0.39683337521990447,0.11027245763075773,0,0,1,1
75,0,3,1,0.3088715757728072,0.014931805565640218,0,0,1,1
76,0,3,1,0.37170143252073384,0.015411575213749284,0,0,1,1
77,0,3,1,0.37170143252073384,0.015712553569072387,0,0,1,1
78,1,2,1,0.005152048253329982,0.056604230248832196,0,0,1,3
79,1,3,0,0.37170143252073384,0.024349578357040744,0,0,1,1
80,0,3,1,0.2711736617240513,0.017566830077223785,0,0,1,1
81,1,3,1,0.35913546117114853,0.018542765081513996,0,0,1,1
82,1,3,0,0.2586076903744659,0.015200187691820024,0,1,0,1
83,0,1,1,0.3465694898215632,0.09193307740413781,0,0,1,1
84,1,2,0,0.20834380497612465,0.020494635090094415,0,0,1,1
85,1,3,0,0.4093993465694898,0.030937139635999665,0,0,1,4
86,0,3,1,0.19577783362653933,0.06709553154495196,0,0,1,5
87,0,3,1,0.37170143252073384,0.015712553569072387,0,0,1,1
88,1,1,0,0.2837396330736366,0.5133418122566505,0,0,1,6
89,0,3,1,0.2963056044232219,0.015712553569072387,0,0,1,1
90,0,3,1,0.35913546117114853,0.015712553569072387,0,0,1,1
91,0,3,1,0.24604171902488062,0.015330377421392339,0,0,1,1
92,0,1,1,0.572756974114099,0.11940564777490723,0,0,1,2
93,0,3,1,0.32143754712239253,0.04015972542654215,0,0,1,4
94,0,3,1,0.7361146016587082,0.014151057562208049,0,0,1,1
95,0,3,1,0.37170143252073384,0.015712553569072387,0,0,1,1
96,0,1,1,0.8869062578537321,0.06764049365134761,1,0,0,1
97,1,1,1,0.2837396330736366,0.12366716556464086,1,0,0,2
98,1,2,0,0.42196531791907516,0.04489301019734967,0,0,1,2
99,0,2,1,0.42196531791907516,0.050748620223090936,0,0,1,2
100,0,3,0,0.3465694898215632,0.015411575213749284,0,0,1,1
101,0,3,1,0.37170143252073384,0.015411575213749284,0,0,1,1
102,0,1,1,0.2586076903744659,0.15085515328815924,0,0,1,2
103,0,3,1,0.4093993465694898,0.016891873428256675,0,0,1,1
104,0,3,1,0.4596632319678311,0.015468569817999833,0,0,1,3
105,0,3,1,0.3465694898215632,0.015411575213749284,0,0,1,1
106,1,3,0,0.2586076903744659,0.014931805565640218,0,0,1,1
107,1,3,1,0.37170143252073384,0.015175789316712771,0,0,1,1
108,0,3,1,0.4722292033174164,0.015411575213749284,0,0,1,1
109,1,3,0,0.2586076903744659,0.04713766070721715,0,1,0,2
110,0,1,1,0.5853229454636844,0.10149724044618187,0,0,1,1
111,0,3,0,0.17692887660216136,0.028212719478023115,1,0,0,2
112,0,3,1,0.2711736617240513,0.015712553569072387,0,0,1,1
113,0,3,0,0.24604171902488062,0.019177122834302632,0,0,1,2
114,0,3,0,0.20834380497612465,0.028220722145058292,1,0,0,1
115,0,3,1,0.2586076903744659,0.015468569817999833,0,0,1,1
116,0,3,1,0.8806232721789394,0.015126992566498259,0,1,0,1
117,0,2,1,0.35913546117114853,0.04098927018018883,0,0,1,2
118,0,1,1,0.2963056044232219,0.4831284260198326,1,0,0,2
119,0,3,0,0.01985423473234481,0.06104473451835265,0,0,1,7
120,0,2,1,0.2586076903744659,0.1434624456306609,0,0,1,3
121,0,3,1,0.37170143252073384,0.015712553569072387,0,0,1,1
122,0,2,1,0.40311636089469716,0.058694292654020104,1,0,0,2
123,1,2,0,0.40311636089469716,0.025374310111545468,0,0,1,1
124,0,1,1,0.6732847449107816,0.15085515328815924,0,0,1,2
125,1,3,1,0.14551394822819805,0.021942337075458514,1,0,0,2
126,0,3,1,0.37170143252073384,0.015126992566498259,0,1,0,1
127,1,3,1,0.2963056044232219,0.01393967004027879,0,0,1,1
128,1,3,0,0.2586076903744659,0.04364049521284361,1,0,0,3
129,0,3,1,0.5601910027645137,0.013614293309848433,0,0,1,1
130,0,3,1,0.4093993465694898,0.015411575213749284,1,0,0,1
131,0,3,1,0.24604171902488062,0.013760683560491965,0,0,1,1
132,0,3,0,0.5853229454636844,0.028302115124416098,0,0,1,2
133,1,2,0,0.35913546117114853,0.050748620223090936,0,0,1,2
134,0,2,1,0.3088715757728072,0.025374310111545468,0,0,1,1
135,0,2,1,0.2837396330736366,0.02936744577509929,1,0,0,1
136,1,1,0,0.23347574767529528,0.051301584996521765,0,0,1,3
137,0,1,1,0.4596632319678311,0.10364429745562033,0,0,1,2
138,0,3,1,0.19577783362653933,0.01798980030808316,0,0,1,1
139,0,1,1,0.2963056044232219,0.15458810467956932,1,0,0,1
140,0,3,0,0.43453128926866047,0.029757819776815374,1,0,0,3
141,1,3,0,0.2711736617240513,0.015126992566498259,0,0,1,1
142,1,3,0,0.2963056044232219,0.030937139635999665,0,0,1,2
143,0,3,1,0.23347574767529528,0.013175122557917838,0,1,0,1
144,0,2,1,0.22090977632570996,0.022446505098674834,0,0,1,1
145,0,2,1,0.23347574767529528,0.07173122281533045,0,0,1,3
146,1,3,1,0.33400351847197784,0.015216388212891242,0,0,1,1
147,0,3,0,0.10781603417944208,0.06709553154495196,0,0,1,5
148,0,2,1,0.4533802462930384,0.050748620223090936,0,0,1,3
149,0,2,1,0.5224930887157577,0.025374310111545468,0,0,1,1
150,0,2,1,0.6355868308620256,0.02444717185746977,0,0,1,1
151,1,1,0,0.2711736617240513,0.12999454257145598,0,0,1,2
152,0,3,1,0.6921337019351596,0.015712553569072387,0,0,1,1
153,0,3,1,0.5036441316913798,0.028302115124416098,0,0,1,3
154,0,3,1,0.37170143252073384,0.014273049437744325,0,0,1,1
155,0,1,1,0.6355868308620256,0.11980421963065935,1,0,0,2
156,1,3,0,0.19577783362653933,0.015094396337354966,0,1,0,1
157,0,3,1,0.37170143252073384,0.015712553569072387,0,0,1,1
158,0,3,1,0.37170143252073384,0.016908073949327893,0,0,1,1
159,0,3,1,0.03870319175672279,0.13575255909676823,0,0,1,11
160,0,3,1,0.5476250314149284,0.031425107138144774,0,0,1,2
161,1,2,0,0.4973611460165871,0.030741952635141623,0,0,1,1
162,0,3,1,0.32143754712239253,0.015175789316712771,0,0,1,1
163,0,3,1,0.20834380497612465,0.016908073949327893,0,0,1,1
164,0,3,1,0.007288263382759489,0.07746484096553544,0,0,1,6
165,1,3,1,0.10781603417944208,0.04006213192611313,0,0,1,3
166,1,1,0,0.43453128926866047,0.10735285047192313,0,0,1,2
167,0,3,0,0.5601910027645137,0.05445717323939373,0,0,1,6
168,0,1,1,0.37170143252073384,0.050602229972447406,0,0,1,1
169,0,3,1,0.3465694898215632,0.11027245763075773,0,0,1,1
170,0,1,1,0.7612465443578789,0.06538764528744409,0,0,1,1
171,0,3,1,0.04498617743151546,0.056848213999904744,0,1,0,6
172,1,3,0,0.007288263382759489,0.021730754366528396,0,0,1,3
173,0,3,1,0.2586076903744659,0.015468569817999833,0,0,1,1
174,0,1,1,0.6984166876099522,0.05991421140938287,1,0,0,1
175,0,3,1,0.22090977632570996,0.015330377421392339,0,0,1,3
176,0,3,1,0.03870319175672279,0.04970768794751499,0,0,1,5
177,0,1,0,0.6230208595124404,0.05604306762136532,1,0,0,1
178,0,2,1,0.37170143252073384,0.025374310111545468,0,0,1,1
179,0,3,1,0.4470972606182458,0.0,0,0,1,1
180,0,3,0,0.2586076903744659,0.13575255909676823,0,0,1,11
181,0,2,1,0.37170143252073384,0.02937564362913533,1,0,0,1
182,0,3,1,0.10781603417944208,0.061264319894317944,0,0,1,7
183,1,2,1,0.007288263382759489,0.0761229303346364,0,0,1,4
184,1,3,0,0.04498617743151546,0.04298993693898376,0,0,1,3
185,0,1,1,0.37170143252073384,0.09759350042902103,0,0,1,1
186,1,3,0,0.43453128926866047,0.030253985132996517,0,1,0,2
187,1,1,1,0.5601910027645137,0.051822148727810165,0,0,1,1
188,0,3,1,0.4973611460165871,0.030253985132996517,0,1,0,3
189,0,3,1,0.4470972606182458,0.015411575213749284,0,0,1,1
190,1,2,0,0.39683337521990447,0.025374310111545468,0,0,1,1
191,0,2,1,0.23347574767529528,0.025374310111545468,0,0,1,1
192,1,3,0,0.23347574767529528,0.015330377421392339,0,0,1,2
193,1,2,1,0.032420206081930136,0.050748620223090936,0,0,1,3
194,1,1,0,0.5476250314149284,0.05410739813385612,1,0,0,1
195,1,1,0,0.7235486303091229,0.2859895551532101,1,0,0,1
196,0,3,1,0.37170143252073384,0.015126992566498259,0,1,0,1
197,0,3,1,0.5224930887157577,0.01640390592611157,0,0,1,2
198,1,3,0,0.2586076903744659,0.015126992566498259,0,1,0,1
199,0,2,0,0.2963056044232219,0.025374310111545468,0,0,1,1
200,0,3,1,0.3465694898215632,0.018542765081513996,0,0,1,1
201,0,3,1,0.37170143252073384,0.13575255909676823,0,0,1,11
202,0,3,1,0.42196531791907516,0.012678957201736696,0,0,1,1
203,0,3,1,0.5664739884393063,0.014102260811993537,1,0,0,1
204,1,3,1,0.22090977632570996,0.015712553569072387,0,0,1,1
205,0,3,0,0.01985423473234481,0.02042143996477265,0,0,1,2
206,0,3,1,0.39683337521990447,0.030937139635999665,0,0,1,2
207,1,3,1,0.32143754712239253,0.036670757786204655,1,0,0,1
208,1,3,0,0.19577783362653933,0.015126992566498259,0,1,0,1
209,1,1,1,0.4973611460165871,0.060507970265993034,1,0,0,1
210,0,3,1,0.2963056044232219,0.013760683560491965,0,0,1,1
211,1,2,0,0.43453128926866047,0.04098927018018883,0,0,1,1
212,0,3,1,0.2711736617240513,0.014151057562208049,0,0,1,1
213,0,2,1,0.37170143252073384,0.025374310111545468,0,0,1,1
214,0,3,1,0.37170143252073384,0.015126992566498259,0,1,0,2
215,1,1,0,0.38426740387031916,0.22109807522194713,1,0,0,2
216,1,3,0,0.33400351847197784,0.015468569817999833,0,0,1,1
217,0,2,1,0.5224930887157577,0.05270049023167135,0,0,1,2
218,1,1,0,0.39683337521990447,0.14891148113361488,1,0,0,1
219,0,2,1,0.37170143252073384,0.020494635090094415,0,0,1,1
220,1,3,1,0.19577783362653933,0.015712553569072387,0,0,1,1
221,0,2,1,0.33400351847197784,0.025374310111545468,0,0,1,1
222,0,3,1,0.6355868308620256,0.015712553569072387,0,0,1,1
223,0,3,1,0.37170143252073384,0.015411575213749284,0,0,1,1
224,1,1,1,0.4722292033174164,0.17566830077223786,0,0,1,2
225,0,3,1,0.2711736617240513,0.01824998458022693,0,0,1,1
226,1,2,1,0.23347574767529528,0.020494635090094415,0,0,1,1
227,0,3,1,0.2523247046996733,0.014151057562208049,0,0,1,1
228,0,2,1,0.22090977632570996,0.025374310111545468,0,0,1,1
229,0,3,0,0.2586076903744659,0.04970768794751499,0,0,1,5
230,1,1,0,0.43453128926866047,0.16293234896625058,0,0,1,2
231,0,3,1,0.35913546117114853,0.015175789316712771,0,0,1,1
232,0,2,1,0.7361146016587082,0.026350245115835676,0,0,1,1
233,1,3,0,0.05755214878110078,0.061264319894317944,0,0,1,7
234,0,2,1,0.2963056044232219,0.020494635090094415,0,0,1,1
235,0,3,0,0.2586076903744659,0.014736618564782174,0,0,1,1
236,0,2,1,0.5476250314149284,0.050748620223090936,0,0,1,2
237,1,2,0,0.09525006282985675,0.05123658772523604,0,0,1,3
238,0,2,1,0.23347574767529528,0.020494635090094415,0,0,1,1
239,0,2,1,0.4093993465694898,0.023959204355324663,0,0,1,1
240,0,3,0,0.2586076903744659,0.028212719478023115,1,0,0,2
241,1,3,0,0.2586076903744659,0.030253985132996517,0,1,0,2
242,0,2,1,0.35913546117114853,0.020494635090094415,0,0,1,1
243,0,3,1,0.2711736617240513,0.013907073811135496,0,0,1,1
244,0,3,1,0.37170143252073384,0.014102260811993537,1,0,0,1
245,0,1,1,0.5476250314149284,0.17566830077223786,0,1,0,3
246,0,3,0,0.3088715757728072,0.015175789316712771,0,0,1,1
247,1,2,0,0.2963056044232219,0.028302115124416098,0,0,1,3
248,1,1,1,0.4596632319678311,0.10257896680493714,0,0,1,3
249,0,2,1,0.6732847449107816,0.050748620223090936,0,0,1,2
250,0,3,1,0.37170143252073384,0.014151057562208049,0,0,1,1
251,0,3,0,0.35913546117114853,0.02042143996477265,0,0,1,3
252,0,1,1,0.7738125157074642,0.051822148727810165,0,0,1,1
253,0,3,1,0.37170143252073384,0.031425107138144774,0,0,1,2
254,0,3,0,0.5099271173661724,0.039452172548431745,0,0,1,3
255,1,3,0,0.35913546117114853,0.029757819776815374,1,0,0,3
256,1,1,0,0.43453128926866047,0.15458810467956932,1,0,0,1
257,1,1,0,0.37170143252073384,0.16883675574220638,0,0,1,1
258,1,1,0,0.43453128926866047,1.0,1,0,0,1
259,1,2,0,0.6230208595124404,0.050748620223090936,0,0,1,2
260,0,3,1,0.37170143252073384,0.015126992566498259,0,1,0,1
261,1,3,1,0.032420206081930136,0.061264319894317944,0,0,1,7
262,0,1,1,0.648152802211611,0.1554664461834305,0,0,1,3
263,0,1,1,0.4973611460165871,0.0,0,0,1,1
264,0,3,0,0.2586076903744659,0.015126992566498259,0,1,0,1
265,0,2,1,0.4470972606182458,0.020494635090094415,0,0,1,1
266,0,3,1,0.19577783362653933,0.07746484096553544,0,0,1,6
267,1,3,1,0.3088715757728072,0.015175789316712771,0,0,1,2
268,1,1,0,0.7235486303091229,0.2995388511917728,0,0,1,2
269,1,1,0,0.43453128926866047,0.2647385704347907,0,0,1,1
270,0,1,1,0.37170143252073384,0.060507970265993034,0,0,1,1
271,1,3,1,0.3088715757728072,0.0,0,0,1,1
272,1,2,0,0.5099271173661724,0.0380614651673182,0,0,1,2
273,0,1,1,0.4596632319678311,0.057970539254838485,1,0,0,2
274,1,3,0,0.2586076903744659,0.015126992566498259,0,1,0,1
275,1,1,0,0.7863784870570495,0.15216446768991498,0,0,1,2
276,0,3,0,0.5601910027645137,0.015126992566498259,0,0,1,1
277,0,2,1,0.37170143252073384,0.0,0,0,1,1
278,0,3,1,0.08268409148027142,0.056848213999904744,0,1,0,6
279,1,3,0,0.43453128926866047,0.03952536767375352,0,0,1,3
280,0,3,1,0.8115104297562201,0.015126992566498259,0,1,0,1
281,0,3,1,0.3465694898215632,0.015330377421392339,0,0,1,1
282,0,3,1,0.19577783362653933,0.018542765081513996,0,0,1,1
283,1,3,1,0.23347574767529528,0.015712553569072387,0,0,1,1
284,0,1,1,0.37170143252073384,0.050748620223090936,0,0,1,1
285,0,3,1,0.4093993465694898,0.016908073949327893,1,0,0,1
286,1,3,1,0.37170143252073384,0.018542765081513996,0,0,1,1
287,0,3,1,0.2711736617240513,0.015411575213749284,0,0,1,1
288,1,2,1,0.5224930887157577,0.025374310111545468,0,0,1,1
289,1,3,0,0.2711736617240513,0.015126992566498259,0,1,0,1
290,1,1,0,0.32143754712239253,0.15390495017656614,0,0,1,1
291,1,1,0,0.23347574767529528,0.17777475888549785,1,0,0,2
292,0,2,1,0.4470972606182458,0.025130326360472913,1,0,0,1
293,0,3,0,0.2963056044232219,0.01727404957593672,0,0,1,1
294,0,3,1,0.2963056044232219,0.015411575213749284,0,0,1,1
295,0,1,1,0.37170143252073384,0.05410739813385612,1,0,0,1
296,0,3,1,0.2900226187484292,0.014110458666029575,1,0,0,1
297,0,1,0,0.01985423473234481,0.29580589980036276,0,0,1,4
298,1,1,1,0.37170143252073384,0.05953203526170282,0,0,1,1
299,1,1,0,0.6230208595124404,0.4831284260198326,1,0,0,2
300,1,3,0,0.2586076903744659,0.015126992566498259,0,1,0,1
301,1,3,1,0.37170143252073384,0.04538097769949478,0,1,0,3
302,0,3,1,0.23347574767529528,0.0,0,0,1,1
303,1,2,0,0.2586076903744659,0.024105594605968193,0,1,0,1
304,0,3,1,0.37170143252073384,0.015712553569072387,0,0,1,1
305,1,1,1,0.0062829856747926615,0.29580589980036276,0,0,1,4
306,1,1,0,0.2586076903744659,0.21642978772242535,1,0,0,1
307,1,1,0,0.20834380497612465,0.2125586439344078,1,0,0,2
308,0,2,1,0.37170143252073384,0.04684488020593009,1,0,0,2
309,1,1,0,0.37170143252073384,0.11111839809247648,1,0,0,1
310,1,1,0,0.2963056044232219,0.16231419173453318,1,0,0,1
311,1,1,0,0.22090977632570996,0.5121218935012878,1,0,0,5
312,0,2,0,0.32143754712239253,0.050748620223090936,0,0,1,3
313,0,3,1,0.3465694898215632,0.015411575213749284,0,0,1,1
314,0,2,1,0.5350590600653431,0.05123658772523604,0,0,1,3
315,1,3,0,0.32143754712239253,0.015330377421392339,0,0,1,1
316,1,2,0,0.2963056044232219,0.050748620223090936,0,0,1,2
317,0,2,1,0.6732847449107816,0.027326180120125887,0,0,1,1
318,1,1,0,0.38426740387031916,0.32179836714362564,0,0,1,3
319,1,1,0,0.4973611460165871,0.2625265161540666,1,0,0,3
320,0,3,1,0.2711736617240513,0.014151057562208049,0,0,1,1
321,0,3,1,0.33400351847197784,0.015411575213749284,0,0,1,1
322,1,2,0,0.37170143252073384,0.024105594605968193,0,1,0,1
323,1,2,0,0.2711736617240513,0.056604230248832196,0,0,1,3
324,0,3,1,0.37170143252073384,0.13575255909676823,0,0,1,11
325,1,1,0,0.4470972606182458,0.2647385704347907,1,0,0,1
326,0,3,1,0.7612465443578789,0.012174789178520372,0,0,1,1
327,1,2,0,0.4470972606182458,0.025374310111545468,0,0,1,1
328,1,3,0,0.38426740387031916,0.04006213192611313,0,0,1,3
329,1,1,0,0.19577783362653933,0.11316786160148591,1,0,0,2
330,1,3,0,0.2586076903744659,0.04538097769949478,0,1,0,3
331,0,1,1,0.5664739884393063,0.055628295244541985,0,0,1,1
332,0,1,1,0.4722292033174164,0.2995388511917728,0,0,1,2
333,0,3,1,0.19577783362653933,0.03513366015444757,0,0,1,3
334,1,1,0,0.43453128926866047,0.2608674266467732,0,0,1,2
335,0,3,1,0.37170143252073384,0.015411575213749284,0,0,1,1
336,0,1,1,0.35913546117114853,0.12999454257145598,0,0,1,2
337,1,1,0,0.5099271173661724,0.2625265161540666,1,0,0,1
338,1,3,1,0.5601910027645137,0.015712553569072387,0,0,1,1
339,0,1,1,0.5601910027645137,0.06929138530460492,0,0,1,1
340,1,2,1,0.01985423473234481,0.050748620223090936,0,0,1,3
341,1,1,0,0.2963056044232219,0.5133418122566505,0,0,1,6
342,0,2,1,0.3465694898215632,0.025374310111545468,0,0,1,1
343,0,2,1,0.3088715757728072,0.025374310111545468,0,0,1,1
344,0,2,1,0.4470972606182458,0.025374310111545468,0,0,1,1
345,1,2,0,0.2963056044232219,0.025374310111545468,0,0,1,1
346,1,2,0,0.4973611460165871,0.025374310111545468,0,0,1,1
347,1,3,0,0.43453128926866047,0.031425107138144774,0,0,1,2
348,1,3,1,0.032420206081930136,0.031034733136428686,0,0,1,3
349,0,3,1,0.5224930887157577,0.016908073949327893,0,0,1,1
350,0,3,1,0.2837396330736366,0.01800600082915438,0,0,1,1
351,0,1,1,0.37170143252073384,0.06831545030031472,0,0,1,1
352,0,3,1,0.18321186227695402,0.014110458666029575,1,0,0,3
353,0,3,1,0.3088715757728072,0.034743286152731485,0,0,1,2
354,0,3,1,0.37170143252073384,0.014102260811993537,1,0,0,1
355,0,3,1,0.3465694898215632,0.018542765081513996,0,0,1,1
356,1,1,0,0.2711736617240513,0.10735285047192313,0,0,1,2
357,0,2,0,0.4722292033174164,0.025374310111545468,0,0,1,1
358,1,3,0,0.2586076903744659,0.01537917417160685,0,1,0,1
359,1,3,0,0.2586076903744659,0.01537917417160685,0,1,0,1
360,0,3,1,0.4973611460165871,0.05445717323939373,0,0,1,6
361,0,2,1,0.35913546117114853,0.05410739813385612,1,0,0,2
362,0,3,0,0.5601910027645137,0.028212719478023115,1,0,0,2
363,0,3,1,0.43453128926866047,0.013760683560491965,0,0,1,1
364,0,3,1,0.37170143252073384,0.030253985132996517,0,1,0,2
365,0,3,1,0.37170143252073384,0.014151057562208049,0,0,1,1
366,1,1,0,0.7486805730082935,0.14687821814567664,1,0,0,2
367,1,3,0,0.43453128926866047,0.014110458666029575,1,0,0,1
368,1,3,0,0.2586076903744659,0.015126992566498259,0,1,0,1
369,1,1,0,0.2963056044232219,0.13526459159462315,1,0,0,1
370,1,1,1,0.3088715757728072,0.1082149914547131,1,0,0,2
371,0,3,1,0.22090977632570996,0.012678957201736696,0,0,1,2
372,0,3,1,0.23347574767529528,0.015712553569072387,0,0,1,1
373,0,1,1,0.2711736617240513,0.2647385704347907,1,0,0,1
374,0,3,0,0.032420206081930136,0.04113566043083236,0,0,1,5
375,1,1,0,0.43453128926866047,0.16038672010106,1,0,0,2
376,1,3,0,0.2711736617240513,0.014151057562208049,0,0,1,1
377,0,1,1,0.33400351847197784,0.41282050681475896,1,0,0,3
378,0,3,1,0.24604171902488062,0.007831878409428937,1,0,0,1
379,0,3,1,0.23347574767529528,0.015175789316712771,0,0,1,1
380,1,1,0,0.5224930887157577,0.4440992237022602,1,0,0,1
381,1,3,0,0.007288263382759489,0.030725752114070404,1,0,0,3
382,0,3,1,0.39683337521990447,0.015468569817999833,0,0,1,1
383,1,1,0,0.43453128926866047,0.10149724044618187,0,0,1,2
384,0,3,1,0.37170143252073384,0.015411575213749284,0,0,1,1
385,0,2,1,0.22090977632570996,0.1434624456306609,0,0,1,1
386,0,3,1,0.007288263382759489,0.09154270340242172,0,0,1,8
387,1,2,0,0.4470972606182458,0.025374310111545468,0,0,1,1
388,0,3,1,0.37170143252073384,0.015086393670319786,0,1,0,1
389,1,2,0,0.20834380497612465,0.023422440102965045,1,0,0,1
390,1,1,1,0.4470972606182458,0.23422440102965045,0,0,1,4
391,1,3,1,0.2586076903744659,0.015216388212891242,0,0,1,1
392,0,3,1,0.3465694898215632,0.015468569817999833,0,0,1,3
393,1,1,0,0.2837396330736366,0.22109807522194713,1,0,0,2
394,1,3,0,0.2963056044232219,0.03259622914329302,0,0,1,3
395,0,3,1,0.2711736617240513,0.015216388212891242,0,0,1,1
396,0,3,0,0.38426740387031916,0.015330377421392339,0,0,1,1
397,0,2,1,0.572756974114099,0.050748620223090936,0,0,1,1
398,0,2,1,0.2837396330736366,0.020494635090094415,0,0,1,1
399,1,2,0,0.3465694898215632,0.02469115560854232,0,0,1,1
400,1,3,1,0.4847951746670017,0.015468569817999833,0,0,1,1
401,0,3,1,0.32143754712239253,0.015712553569072387,0,0,1,1
402,0,3,0,0.2586076903744659,0.019177122834302632,0,0,1,2
403,0,3,1,0.3465694898215632,0.030937139635999665,0,0,1,2
404,0,3,0,0.24604171902488062,0.016908073949327893,0,0,1,1
405,0,2,1,0.42196531791907516,0.04098927018018883,0,0,1,2
406,0,3,1,0.6355868308620256,0.015126992566498259,0,0,1,1
407,1,2,1,0.032420206081930136,0.03659756266088288,0,0,1,3
408,0,3,1,0.2586076903744659,0.015175789316712771,0,0,1,1
409,0,3,0,0.2586076903744659,0.04970768794751499,0,0,1,5
410,0,3,1,0.37170143252073384,0.015411575213749284,0,0,1,1
411,0,3,1,0.37170143252073384,0.013386510079847098,0,1,0,1
412,1,1,0,0.4093993465694898,0.17566830077223786,0,1,0,2
413,0,2,1,0.37170143252073384,0.0,0,0,1,1
414,1,3,1,0.5476250314149284,0.015468569817999833,0,0,1,1
415,0,3,0,0.43453128926866047,0.015712553569072387,0,0,1,1
416,1,2,0,0.42196531791907516,0.06343577527886367,0,0,1,3
417,1,2,0,0.22090977632570996,0.025374310111545468,0,0,1,3
418,0,2,1,0.37170143252073384,0.025374310111545468,0,0,1,1
419,0,3,0,0.12038200552902739,0.04713766070721715,0,0,1,3
420,0,3,1,0.37170143252073384,0.015411575213749284,1,0,0,1
421,0,3,1,0.2586076903744659,0.015094396337354966,0,1,0,1
422,0,3,1,0.35913546117114853,0.015370976317570811,0,0,1,1
423,0,3,0,0.3465694898215632,0.028106928123558056,0,0,1,3
424,0,3,1,0.22090977632570996,0.039452172548431745,0,0,1,3
425,0,3,1,0.37170143252073384,0.014151057562208049,0,0,1,1
426,1,2,0,0.3465694898215632,0.050748620223090936,0,0,1,2
427,1,2,0,0.23347574767529528,0.050748620223090936,0,0,1,1
428,0,3,1,0.37170143252073384,0.015126992566498259,0,1,0,1
429,1,3,1,0.39683337521990447,0.015712553569072387,0,0,1,1
430,1,1,1,0.3465694898215632,0.051822148727810165,0,0,1,1
431,1,3,0,0.43453128926866047,0.031425107138144774,0,0,1,2
432,1,2,0,0.5224930887157577,0.050748620223090936,0,0,1,2
433,0,3,1,0.20834380497612465,0.013907073811135496,0,0,1,1
434,0,1,1,0.6230208595124404,0.1091095334796455,0,0,1,2
435,1,1,0,0.17064589092736868,0.23422440102965045,0,0,1,4
436,0,3,0,0.2586076903744659,0.06709553154495196,0,0,1,5
437,1,2,0,0.2963056044232219,0.03659756266088288,0,0,1,6
438,0,1,1,0.7989444584066349,0.5133418122566505,0,0,1,6
439,0,2,1,0.38426740387031916,0.020494635090094415,0,0,1,1
440,1,2,0,0.5601910027645137,0.05123658772523604,0,0,1,3
441,0,3,1,0.24604171902488062,0.018542765081513996,0,0,1,1
442,0,3,1,0.3088715757728072,0.015175789316712771,0,0,1,2
443,1,2,0,0.3465694898215632,0.025374310111545468,0,0,1,1
444,1,3,1,0.37170143252073384,0.015834545444608664,0,0,1,1
445,1,1,1,0.04498617743151546,0.15977676072337862,0,0,1,3
446,1,2,0,0.15807991957778336,0.0380614651673182,0,0,1,2
447,1,1,1,0.42196531791907516,0.051822148727810165,0,0,1,1
448,1,3,0,0.05755214878110078,0.03758969818624431,1,0,0,4
449,1,1,1,0.648152802211611,0.05953203526170282,0,0,1,1
450,0,2,1,0.4470972606182458,0.05416439273810667,0,0,1,4
451,0,3,1,0.37170143252073384,0.03897240290032268,0,0,1,2
452,0,1,1,0.37170143252073384,0.05416439273810667,1,0,0,1
453,1,1,1,0.610454888162855,0.17391981561855152,1,0,0,2
454,0,3,1,0.37170143252073384,0.015712553569072387,0,0,1,1
455,1,3,1,0.35913546117114853,0.015411575213749284,1,0,0,1
456,0,1,1,0.8115104297562201,0.051822148727810165,0,0,1,1
457,1,1,0,0.43453128926866047,0.10122885832000206,0,0,1,2
458,1,2,0,0.6230208595124404,0.020494635090094415,0,0,1,1
459,0,3,1,0.37170143252073384,0.015126992566498259,0,1,0,1
460,1,1,1,0.5978889168132696,0.051822148727810165,0,0,1,1
461,0,3,1,0.42196531791907516,0.015712553569072387,0,0,1,1
462,0,1,1,0.5853229454636844,0.07514699533034619,0,0,1,1
463,0,2,1,0.5978889168132696,0.025374310111545468,0,0,1,1
464,0,3,1,0.37170143252073384,0.015712553569072387,0,0,1,1
465,0,3,1,0.4722292033174164,0.013760683560491965,0,0,1,1
466,0,2,1,0.37170143252073384,0.0,0,0,1,1
467,0,1,1,0.6984166876099522,0.051822148727810165,0,0,1,1
468,0,3,1,0.37170143252073384,0.015078195816283748,0,1,0,1
469,1,3,0,0.004146770545363157,0.03758969818624431,1,0,0,4
470,0,3,1,0.37170143252073384,0.014151057562208049,0,0,1,1
471,0,3,1,0.4722292033174164,0.016908073949327893,0,0,1,1
472,1,2,0,0.4093993465694898,0.05416439273810667,0,0,1,4
473,1,2,0,0.2837396330736366,0.026919605597338588,1,0,0,1
474,0,3,0,0.2711736617240513,0.019201521209409888,0,0,1,1
475,0,1,1,0.37170143252073384,0.10149724044618187,0,0,1,1
476,0,2,1,0.42196531791907516,0.04098927018018883,0,0,1,2
477,0,3,1,0.35913546117114853,0.013752485706455927,0,0,1,2
478,0,3,1,0.2711736617240513,0.014679623960531627,0,0,1,1
479,1,3,0,0.01985423473234481,0.023983602730431916,0,0,1,2
480,0,3,1,0.10781603417944208,0.09154270340242172,0,0,1,8
481,0,2,1,0.37170143252073384,0.0,0,0,1,1
482,0,3,1,0.6230208595124404,0.015712553569072387,0,0,1,1
483,1,3,0,0.7863784870570495,0.018713553707264782,0,0,1,1
484,1,1,1,0.3088715757728072,0.17777475888549785,1,0,0,2
485,0,3,0,0.2586076903744659,0.04970768794751499,0,0,1,5
486,1,1,0,0.43453128926866047,0.17566830077223786,0,0,1,2
487,0,1,1,0.7235486303091229,0.057970539254838485,1,0,0,1
488,0,3,1,0.37170143252073384,0.015712553569072387,0,0,1,1
489,1,3,1,0.10781603417944208,0.031034733136428686,0,0,1,3
490,0,3,1,0.37170143252073384,0.03897240290032268,0,0,1,2
491,0,3,1,0.2586076903744659,0.014151057562208049,0,0,1,1
492,0,1,1,0.6858507162603669,0.05953203526170282,0,0,1,1
493,0,1,1,0.8869062578537321,0.09662576327876685,1,0,0,1
494,0,3,1,0.2586076903744659,0.015712553569072387,0,0,1,1
495,0,3,1,0.37170143252073384,0.028220722145058292,1,0,0,1
496,1,1,0,0.6732847449107816,0.1527664244005612,1,0,0,2
497,0,3,1,0.37170143252073384,0.029473237129564348,0,0,1,1
498,0,1,0,0.3088715757728072,0.29580589980036276,0,0,1,4
499,0,3,1,0.2963056044232219,0.015216388212891242,0,0,1,1
500,0,3,1,0.20834380497612465,0.016908073949327893,0,0,1,1
501,0,3,0,0.2586076903744659,0.015126992566498259,0,1,0,1
502,0,3,0,0.2586076903744659,0.014891206669461744,0,1,0,1
503,0,3,0,0.4596632319678311,0.018713553707264782,0,0,1,1
504,1,1,0,0.19577783362653933,0.16883675574220638,0,0,1,1
505,0,1,1,0.22090977632570996,0.2125586439344078,1,0,0,2
506,1,2,0,0.4093993465694898,0.050748620223090936,0,0,1,3
507,1,1,1,0.37170143252073384,0.051822148727810165,0,0,1,1
508,0,3,1,0.3465694898215632,0.04396587194327397,0,0,1,1
509,1,3,1,0.32143754712239253,0.11027245763075773,0,0,1,1
510,1,3,1,0.35913546117114853,0.015126992566498259,0,1,0,1
511,0,3,1,0.37170143252073384,0.015712553569072387,0,0,1,1
512,1,1,1,0.4470972606182458,0.05130978285055781,0,0,1,1
513,1,1,0,0.6732847449107816,0.11594107850967697,1,0,0,2
514,0,3,1,0.2963056044232219,0.014630827210317115,0,0,1,1
515,0,1,1,0.5853229454636844,0.06640417918791278,0,0,1,1
516,1,2,0,0.42196531791907516,0.020494635090094415,0,0,1,1
517,0,3,1,0.37170143252073384,0.04713766070721715,0,1,0,1
518,1,2,0,0.4470972606182458,0.050748620223090936,0,0,1,2
519,0,3,1,0.39683337521990447,0.015411575213749284,0,0,1,1
520,1,1,0,0.37170143252073384,0.18249984580226933,0,0,1,1
521,0,3,1,0.2711736617240513,0.015411575213749284,0,0,1,1
522,0,3,1,0.37170143252073384,0.014102260811993537,1,0,0,1
523,1,1,0,0.5476250314149284,0.11316786160148591,1,0,0,2
524,0,3,1,0.37170143252073384,0.014110458666029575,1,0,0,1
525,0,3,1,0.5036441316913798,0.015126992566498259,0,1,0,1
526,1,2,0,0.6230208595124404,0.020494635090094415,0,0,1,1
527,0,1,1,0.37170143252073384,0.4328841690069588,0,0,1,1
528,0,3,1,0.4847951746670017,0.015468569817999833,0,0,1,1
529,0,2,1,0.2837396330736366,0.022446505098674834,0,0,1,4
530,1,2,0,0.01985423473234481,0.050748620223090936,0,0,1,3
531,0,3,1,0.37170143252073384,0.014110458666029575,1,0,0,1
532,0,3,1,0.20834380497612465,0.014110458666029575,1,0,0,3
533,1,3,0,0.43453128926866047,0.04364049521284361,1,0,0,3
534,0,3,0,0.37170143252073384,0.016908073949327893,0,0,1,1
535,1,2,0,0.08268409148027142,0.05123658772523604,0,0,1,3
536,0,1,1,0.5601910027645137,0.051822148727810165,0,0,1,1
537,1,1,0,0.37170143252073384,0.20772776566317125,1,0,0,1
538,0,3,1,0.37170143252073384,0.028302115124416098,0,0,1,1
539,1,1,0,0.2711736617240513,0.09661756542473081,1,0,0,3
540,1,1,0,0.4470972606182458,0.13858277060920984,0,0,1,3
541,0,3,0,0.10781603417944208,0.06104473451835265,0,0,1,7
542,0,3,0,0.13294797687861273,0.06104473451835265,0,0,1,7
543,1,2,1,0.39683337521990447,0.050748620223090936,0,0,1,2
544,0,1,1,0.6230208595124404,0.20772776566317125,1,0,0,2
545,0,1,1,0.7989444584066349,0.050748620223090936,0,0,1,1
546,1,2,0,0.23347574767529528,0.050748620223090936,0,0,1,2
547,1,2,1,0.37170143252073384,0.02705779799394608,1,0,0,1
548,0,3,1,0.4093993465694898,0.04006213192611313,0,0,1,3
549,1,2,1,0.09525006282985675,0.07173122281533045,0,0,1,3
550,1,1,1,0.20834380497612465,0.21642978772242535,1,0,0,3
551,0,2,1,0.33400351847197784,0.050748620223090936,0,0,1,1
552,0,3,1,0.37170143252073384,0.015281580671177828,0,1,0,1
553,1,3,1,0.2711736617240513,0.014102260811993537,1,0,0,1
554,1,3,0,0.2711736617240513,0.015175789316712771,0,0,1,1
555,0,1,1,0.7738125157074642,0.051822148727810165,0,0,1,1
556,1,1,0,0.5978889168132696,0.07729405233978466,1,0,0,2
557,0,1,1,0.37170143252073384,0.4440992237022602,1,0,0,1
558,1,1,0,0.4847951746670017,0.1554664461834305,0,0,1,3
559,1,3,0,0.4470972606182458,0.033962538149299316,0,0,1,2
560,0,3,1,0.37170143252073384,0.015126992566498259,0,1,0,1
561,0,3,1,0.4973611460165871,0.015411575213749284,0,0,1,1
562,0,2,1,0.3465694898215632,0.026350245115835676,0,0,1,1
563,0,3,1,0.37170143252073384,0.015712553569072387,0,0,1,1
564,0,3,0,0.2586076903744659,0.015712553569072387,0,0,1,1
565,0,3,1,0.2963056044232219,0.04713766070721715,0,0,1,3
566,0,3,1,0.23347574767529528,0.015411575213749284,0,0,1,1
567,0,3,0,0.35913546117114853,0.04113566043083236,0,0,1,5
568,0,3,1,0.37170143252073384,0.014110458666029575,1,0,0,1
569,1,3,1,0.39683337521990447,0.015330377421392339,0,0,1,1
570,1,2,1,0.7738125157074642,0.020494635090094415,0,0,1,1
571,1,1,0,0.6607187735611962,0.10048070654571319,0,0,1,3
572,1,1,1,0.4470972606182458,0.051504969851415845,0,0,1,1
573,1,3,0,0.2586076903744659,0.015126992566498259,0,1,0,1
574,0,3,1,0.19577783362653933,0.015712553569072387,0,0,1,1
575,0,3,1,0.23347574767529528,0.028302115124416098,0,0,1,1
576,1,2,0,0.42196531791907516,0.025374310111545468,0,0,1,1
577,1,1,0,0.4847951746670017,0.1091095334796455,0,0,1,2
578,0,3,0,0.43453128926866047,0.028220722145058292,1,0,0,2
579,1,3,1,0.39683337521990447,0.015468569817999833,0,0,1,1
580,1,2,0,0.3088715757728072,0.05855610025741261,0,0,1,3
581,1,1,0,0.4847951746670017,0.21642978772242535,1,0,0,3
582,0,2,1,0.6732847449107816,0.050748620223090936,0,0,1,1
583,0,1,1,0.4470972606182458,0.07831878409428937,1,0,0,1
584,0,3,1,0.37170143252073384,0.017005667449756914,1,0,0,1
585,1,1,0,0.22090977632570996,0.1554664461834305,0,0,1,3
586,0,2,1,0.5853229454636844,0.029278050128706306,0,0,1,1
587,1,1,1,0.7486805730082935,0.15458810467956932,1,0,0,3
588,0,3,1,0.2711736617240513,0.015712553569072387,0,0,1,1
589,0,3,1,0.37170143252073384,0.015712553569072387,0,0,1,1
590,0,3,1,0.43453128926866047,0.013907073811135496,0,0,1,1
591,1,1,0,0.648152802211611,0.1527664244005612,1,0,0,2
592,0,3,1,0.5853229454636844,0.014151057562208049,0,0,1,1
593,0,3,0,0.2586076903744659,0.015126992566498259,0,1,0,3
594,0,2,1,0.4596632319678311,0.050748620223090936,0,0,1,2
595,0,3,1,0.4470972606182458,0.04713766070721715,0,0,1,3
596,1,2,0,0.2586076903744659,0.06441171028315387,0,0,1,1
597,0,3,1,0.610454888162855,0.0,0,0,1,1
598,0,3,1,0.37170143252073384,0.014102260811993537,1,0,0,1
599,1,1,1,0.610454888162855,0.11111839809247648,1,0,0,2
600,1,2,0,0.2963056044232219,0.05270049023167135,0,0,1,4
601,0,3,1,0.37170143252073384,0.015411575213749284,0,0,1,1
602,0,1,1,0.37170143252073384,0.08275928836380983,0,0,1,1
603,0,3,1,0.5476250314149284,0.015712553569072387,0,0,1,1
604,1,1,1,0.43453128926866047,0.051822148727810165,1,0,0,1
605,0,3,1,0.4470972606182458,0.030351578633425542,0,0,1,2
606,0,3,1,0.37170143252073384,0.015411575213749284,0,0,1,1
607,1,1,1,0.33400351847197784,0.05953203526170282,0,0,1,1
608,1,2,0,0.2711736617240513,0.08115719346076702,1,0,0,4
609,1,1,0,0.4973611460165871,0.2995388511917728,0,0,1,1
610,0,3,0,0.4847951746670017,0.06104473451835265,0,0,1,7
611,0,3,1,0.37170143252073384,0.013760683560491965,0,0,1,1
612,1,3,0,0.2586076903744659,0.030253985132996517,0,1,0,2
613,0,3,1,0.37170143252073384,0.015126992566498259,0,1,0,1
614,0,3,1,0.43453128926866047,0.015712553569072387,0,0,1,1
615,1,2,0,0.2963056044232219,0.12687155055772734,0,0,1,4
616,0,3,1,0.42196531791907516,0.028106928123558056,0,0,1,3
617,0,3,0,0.32143754712239253,0.031425107138144774,0,0,1,2
618,1,2,0,0.04498617743151546,0.0761229303346364,0,0,1,4
619,0,2,1,0.32143754712239253,0.020494635090094415,0,0,1,1
620,0,3,1,0.33400351847197784,0.028212719478023115,1,0,0,2
621,1,1,1,0.5224930887157577,0.10257896680493714,0,0,1,2
622,1,3,1,0.24604171902488062,0.030725752114070404,1,0,0,3
623,0,3,1,0.2586076903744659,0.015330377421392339,0,0,1,1
624,0,3,1,0.2586076903744659,0.031425107138144774,0,0,1,1
625,0,1,1,0.7612465443578789,0.06308600017332605,0,0,1,1
626,0,2,1,0.7109826589595376,0.024105594605968193,0,1,0,1
627,1,1,0,0.2586076903744659,0.15216446768991498,0,0,1,1
628,0,3,1,0.32143754712239253,0.015411575213749284,0,0,1,1
629,0,3,1,0.37170143252073384,0.015094396337354966,0,1,0,1
630,1,1,1,1.0,0.05855610025741261,0,0,1,1
631,0,3,1,0.6355868308620256,0.013768881414528002,0,0,1,1
632,1,1,1,0.39683337521990447,0.05953203526170282,1,0,0,1
633,0,1,1,0.37170143252073384,0.0,0,0,1,1
634,0,3,0,0.10781603417944208,0.05445717323939373,0,0,1,6
635,1,2,0,0.3465694898215632,0.025374310111545468,0,0,1,1
636,0,3,1,0.39683337521990447,0.015468569817999833,0,0,1,1
637,0,2,1,0.38426740387031916,0.05123658772523604,0,0,1,3
638,0,3,0,0.5099271173661724,0.07746484096553544,0,0,1,6
639,0,3,1,0.37170143252073384,0.031425107138144774,0,0,1,2
640,0,3,1,0.24604171902488062,0.015330377421392339,0,0,1,1
641,1,1,0,0.2963056044232219,0.13526459159462315,1,0,0,1
642,0,3,0,0.01985423473234481,0.05445717323939373,0,0,1,6
643,1,3,1,0.37170143252073384,0.11027245763075773,0,0,1,1
644,1,3,0,0.004146770545363157,0.03758969818624431,1,0,0,4
645,1,1,1,0.5978889168132696,0.1497654242623688,1,0,0,2
646,0,3,1,0.23347574767529528,0.015411575213749284,0,0,1,1
647,1,1,1,0.6984166876099522,0.06929138530460492,1,0,0,1
648,0,3,1,0.37170143252073384,0.014736618564782174,0,0,1,1
649,1,3,0,0.2837396330736366,0.014736618564782174,0,0,1,1
650,0,3,1,0.37170143252073384,0.015411575213749284,0,0,1,1
651,1,2,0,0.22090977632570996,0.04489301019734967,0,0,1,2
652,0,3,1,0.2586076903744659,0.01646070534336126,0,0,1,1
653,1,3,0,0.2586076903744659,0.015281580671177828,0,1,0,1
654,0,3,0,0.22090977632570996,0.013175122557917838,0,1,0,1
655,0,2,1,0.2963056044232219,0.1434624456306609,0,0,1,3
656,0,3,1,0.37170143252073384,0.015411575213749284,0,0,1,1
657,0,3,0,0.39683337521990447,0.030253985132996517,0,1,0,3
658,0,2,1,0.2837396330736366,0.025374310111545468,0,0,1,1
659,0,1,1,0.7235486303091229,0.22109807522194713,1,0,0,3
660,1,1,1,0.6230208595124404,0.2608674266467732,0,0,1,3
661,0,3,1,0.4973611460165871,0.014102260811993537,1,0,0,1
662,0,1,1,0.5853229454636844,0.04994347384455151,0,0,1,1
663,0,3,1,0.4470972606182458,0.014630827210317115,0,0,1,1
664,1,3,1,0.24604171902488062,0.015468569817999833,0,0,1,2
665,0,2,1,0.39683337521990447,0.1434624456306609,0,0,1,3
666,0,2,1,0.3088715757728072,0.025374310111545468,0,0,1,1
667,0,3,1,0.37170143252073384,0.015175789316712771,0,0,1,1
668,0,3,1,0.5350590600653431,0.015712553569072387,0,0,1,1
669,1,1,0,0.43453128926866047,0.10149724044618187,0,0,1,2
670,1,2,0,0.4973611460165871,0.0761229303346364,0,0,1,3
671,0,1,1,0.38426740387031916,0.10149724044618187,0,0,1,2
672,0,2,1,0.8743402865041467,0.020494635090094415,0,0,1,1
673,1,2,1,0.38426740387031916,0.025374310111545468,0,0,1,1
674,0,2,1,0.37170143252073384,0.0,0,0,1,1
675,0,3,1,0.22090977632570996,0.015175789316712771,0,0,1,1
676,0,3,1,0.3025885900980146,0.015712553569072387,0,0,1,1
677,1,3,0,0.22090977632570996,0.019209719063445922,0,0,1,1
678,0,3,0,0.5350590600653431,0.09154270340242172,0,0,1,8
679,1,1,1,0.4470972606182458,1.0,1,0,0,2
680,0,3,0,0.2586076903744659,0.01588334219482317,0,1,0,1
681,1,1,1,0.33400351847197784,0.1497654242623688,1,0,0,1
682,0,3,1,0.24604171902488062,0.01800600082915438,0,0,1,1
683,0,3,1,0.17064589092736868,0.09154270340242172,0,0,1,8
684,0,2,1,0.7486805730082935,0.0761229303346364,0,0,1,3
685,0,2,1,0.3088715757728072,0.08115719346076702,1,0,0,4
686,0,3,1,0.17064589092736868,0.07746484096553544,0,0,1,6
687,0,3,1,0.23347574767529528,0.019852079483269742,0,0,1,1
688,0,3,1,0.22090977632570996,0.015216388212891242,0,0,1,1
689,1,1,0,0.18321186227695402,0.41250332793836464,0,0,1,2
690,1,1,1,0.38426740387031916,0.11125659048908397,0,0,1,2
691,1,3,0,0.04498617743151546,0.026187654344120927,1,0,0,2
692,1,3,1,0.37170143252073384,0.11027245763075773,0,0,1,1
693,0,3,1,0.3088715757728072,0.014102260811993537,1,0,0,1
694,0,1,1,0.7486805730082935,0.051822148727810165,0,0,1,1
695,0,2,1,0.648152802211611,0.026350245115835676,0,0,1,1
696,0,3,1,0.5476250314149284,0.015712553569072387,0,0,1,1
697,1,3,0,0.2586076903744659,0.015094396337354966,0,1,0,1
698,0,1,1,0.610454888162855,0.21642978772242535,1,0,0,3
699,0,3,1,0.5224930887157577,0.014931805565640218,0,0,1,1
700,1,1,0,0.22090977632570996,0.4440992237022602,1,0,0,2
701,1,1,1,0.43453128926866047,0.05130978285055781,0,0,1,1
702,0,3,0,0.22090977632570996,0.028212719478023115,1,0,0,2
703,0,3,1,0.3088715757728072,0.01511079204542704,0,1,0,1
704,0,3,1,0.32143754712239253,0.015330377421392339,0,0,1,2
705,0,2,1,0.4847951746670017,0.050748620223090936,0,0,1,1
706,1,2,0,0.5601910027645137,0.026350245115835676,0,0,1,1
707,1,1,1,0.5224930887157577,0.05130978285055781,0,0,1,1
708,1,1,0,0.2711736617240513,0.29580589980036276,0,0,1,1
709,1,3,1,0.03870319175672279,0.029757819776815374,1,0,0,3
710,1,1,0,0.2963056044232219,0.09662576327876685,1,0,0,1
711,0,1,1,0.37170143252073384,0.051822148727810165,0,0,1,1
712,1,1,1,0.5978889168132696,0.10149724044618187,0,0,1,2
713,0,3,1,0.35913546117114853,0.018510168852370702,0,0,1,1
714,0,2,1,0.648152802211611,0.025374310111545468,0,0,1,1
715,0,3,1,0.23347574767529528,0.014931805565640218,0,0,1,1
716,1,1,0,0.4722292033174164,0.4440992237022602,1,0,0,1
717,1,2,0,0.33400351847197784,0.020494635090094415,0,0,1,1
718,0,3,1,0.37170143252073384,0.030253985132996517,0,1,0,1
719,0,3,1,0.4093993465694898,0.015175789316712771,0,0,1,1
720,1,2,0,0.0701181201306861,0.06441171028315387,0,0,1,2
721,0,3,1,0.20834380497612465,0.013768881414528002,0,0,1,2
722,0,2,1,0.42196531791907516,0.025374310111545468,0,0,1,1
723,0,2,1,0.6230208595124404,0.025374310111545468,0,0,1,1
724,1,1,1,0.33400351847197784,0.10364429745562033,0,0,1,2
725,0,3,1,0.24604171902488062,0.016908073949327893,0,0,1,1
726,1,2,0,0.37170143252073384,0.04098927018018883,0,0,1,4
727,1,3,0,0.2586076903744659,0.015102594191391002,0,1,0,1
728,0,2,1,0.3088715757728072,0.050748620223090936,0,0,1,2
729,0,3,0,0.3088715757728072,0.015468569817999833,0,0,1,2
730,1,1,0,0.35913546117114853,0.41250332793836464,0,0,1,1
731,0,3,1,0.13294797687861273,0.036670757786204655,1,0,0,1
732,0,2,1,0.37170143252073384,0.0,0,0,1,1
733,0,2,1,0.2837396330736366,0.025374310111545468,0,0,1,1
734,0,2,1,0.2837396330736366,0.025374310111545468,0,0,1,1
735,0,3,1,0.35285247549635584,0.031425107138144774,0,0,1,1
736,0,3,0,0.5978889168132696,0.06709553154495196,0,0,1,5
737,1,1,1,0.43453128926866047,1.0,1,0,0,1
738,0,3,1,0.37170143252073384,0.015411575213749284,0,0,1,1
739,0,3,1,0.37170143252073384,0.015411575213749284,0,0,1,1
740,1,1,1,0.37170143252073384,0.05855610025741261,0,0,1,1
741,0,1,1,0.4470972606182458,0.15390495017656614,0,0,1,2
742,1,1,0,0.2586076903744659,0.5121218935012878,1,0,0,5
743,0,3,1,0.2963056044232219,0.031425107138144774,0,0,1,2
744,1,3,1,0.38426740387031916,0.015468569817999833,0,0,1,1
745,0,1,1,0.8743402865041467,0.13858277060920984,0,0,1,3
746,0,3,1,0.19577783362653933,0.03952536767375352,0,0,1,3
747,1,2,0,0.37170143252073384,0.025374310111545468,0,0,1,1
748,0,1,1,0.23347574767529528,0.10364429745562033,0,0,1,2
749,0,3,1,0.38426740387031916,0.015126992566498259,0,1,0,1
750,1,2,0,0.04498617743151546,0.04489301019734967,0,0,1,3
751,1,3,1,0.0701181201306861,0.024349578357040744,0,0,1,2
752,0,3,1,0.4093993465694898,0.018542765081513996,0,0,1,1
753,0,3,1,0.2837396330736366,0.015411575213749284,0,0,1,1
754,1,2,0,0.5978889168132696,0.12687155055772734,0,0,1,4
755,1,2,1,0.0031414928373963316,0.028302115124416098,0,0,1,3
756,0,3,1,0.3465694898215632,0.015216388212891242,0,0,1,1
757,0,2,1,0.22090977632570996,0.022446505098674834,0,0,1,1
758,0,3,1,0.42196531791907516,0.015712553569072387,0,0,1,1
759,1,1,0,0.4093993465694898,0.16883675574220638,0,0,1,1
760,0,3,1,0.37170143252073384,0.028302115124416098,0,0,1,1
761,0,3,1,0.5099271173661724,0.013907073811135496,0,0,1,1
762,1,3,1,0.24604171902488062,0.014110458666029575,1,0,0,1
763,1,1,0,0.4470972606182458,0.23422440102965045,0,0,1,4
764,0,3,1,0.19577783362653933,0.015175789316712771,0,0,1,1
765,1,1,0,0.6355868308620256,0.15216446768991498,0,0,1,2
766,0,1,1,0.5790399597888917,0.07729405233978466,1,0,0,1
767,0,3,0,0.37798441819552653,0.015126992566498259,0,1,0,1
768,0,3,1,0.37170143252073384,0.04713766070721715,0,1,0,2
769,0,3,1,0.39683337521990447,0.016322512946753766,0,0,1,1
770,0,3,1,0.2963056044232219,0.018542765081513996,0,0,1,1
771,0,3,1,0.5978889168132696,0.015330377421392339,0,0,1,1
772,0,2,0,0.7109826589595376,0.020494635090094415,0,0,1,1
773,0,3,1,0.37170143252073384,0.014102260811993537,1,0,0,1
774,1,2,0,0.6732847449107816,0.04489301019734967,0,0,1,5
775,0,3,1,0.22090977632570996,0.015126992566498259,0,0,1,1
776,0,3,1,0.37170143252073384,0.015126992566498259,0,1,0,1
777,1,3,0,0.05755214878110078,0.024349578357040744,0,0,1,1
778,0,3,1,0.37170143252073384,0.015102594191391002,0,1,0,1
779,1,1,0,0.5350590600653431,0.41250332793836464,0,0,1,2
780,1,3,0,0.15807991957778336,0.014110458666029575,1,0,0,1
781,1,1,0,0.20834380497612465,0.11125659048908397,0,0,1,2
782,0,1,1,0.35913546117114853,0.05855610025741261,0,0,1,1
783,0,3,1,0.37170143252073384,0.04577135170121086,0,0,1,4
784,0,3,1,0.3088715757728072,0.013760683560491965,0,0,1,1
785,0,3,1,0.3088715757728072,0.014151057562208049,0,0,1,1
786,1,3,0,0.22090977632570996,0.014630827210317115,0,0,1,1
787,0,3,1,0.09525006282985675,0.056848213999904744,0,1,0,6
788,1,3,1,0.007288263382759489,0.04015972542654215,0,0,1,4
789,0,1,1,0.572756974114099,0.15458810467956932,1,0,0,1
790,0,3,1,0.37170143252073384,0.015126992566498259,0,1,0,1
791,0,2,1,0.19577783362653933,0.050748620223090936,0,0,1,1
792,0,3,0,0.2586076903744659,0.13575255909676823,0,0,1,11
793,0,1,1,0.37170143252073384,0.05991421140938287,1,0,0,1
794,0,3,1,0.3088715757728072,0.015411575213749284,0,0,1,1
795,0,2,1,0.4847951746670017,0.025374310111545468,0,0,1,1
796,1,1,0,0.610454888162855,0.050610427826483444,0,0,1,1
797,1,3,0,0.38426740387031916,0.016948672845506364,0,0,1,1
798,0,3,1,0.37170143252073384,0.014110458666029575,1,0,0,1
799,0,3,0,0.37170143252073384,0.04713766070721715,0,0,1,3
800,0,2,1,0.42196531791907516,0.025374310111545468,0,0,1,1
801,1,2,0,0.38426740387031916,0.05123658772523604,0,0,1,3
802,1,1,1,0.13294797687861273,0.23422440102965045,0,0,1,4
803,1,3,1,0.0,0.016623491302076868,1,0,0,2
804,1,3,1,0.33400351847197784,0.013614293309848433,0,0,1,1
805,0,3,1,0.38426740387031916,0.015175789316712771,0,0,1,1
806,0,1,1,0.4847951746670017,0.0,0,0,1,1
807,0,3,0,0.22090977632570996,0.015175789316712771,0,0,1,1
808,0,2,1,0.4847951746670017,0.025374310111545468,0,0,1,1
809,1,1,0,0.4093993465694898,0.10364429745562033,0,0,1,2
810,0,3,1,0.32143754712239253,0.015395374692678068,0,0,1,1
811,0,3,1,0.4847951746670017,0.04713766070721715,0,0,1,1
812,0,2,1,0.43453128926866047,0.020494635090094415,0,0,1,1
813,0,3,0,0.0701181201306861,0.06104473451835265,0,0,1,7
814,0,3,1,0.37798441819552653,0.015712553569072387,0,0,1,1
815,0,1,1,0.37170143252073384,0.0,0,0,1,1
816,0,3,0,0.2837396330736366,0.015468569817999833,0,0,1,1
817,0,2,1,0.38426740387031916,0.07222738817151159,1,0,0,3
818,0,3,1,0.5350590600653431,0.012589561555343713,0,0,1,1
819,0,3,1,0.12038200552902739,0.05445717323939373,0,0,1,6
820,1,1,0,0.648152802211611,0.18249984580226933,0,0,1,3
821,1,3,1,0.33400351847197784,0.016908073949327893,0,0,1,1
822,0,1,1,0.4722292033174164,0.0,0,0,1,1
823,1,3,0,0.33400351847197784,0.024349578357040744,0,0,1,2
824,0,3,1,0.01985423473234481,0.07746484096553544,0,0,1,6
825,0,3,1,0.37170143252073384,0.013565496559633922,0,1,0,1
826,0,3,1,0.37170143252073384,0.11027245763075773,0,0,1,1
827,1,2,1,0.007288263382759489,0.07222738817151159,1,0,0,3
828,1,3,1,0.37170143252073384,0.015126992566498259,0,1,0,1
829,1,1,0,0.7738125157074642,0.15614960068643363,0,0,1,1
830,1,3,0,0.18321186227695402,0.028212719478023115,1,0,0,2
831,1,2,1,0.005152048253329982,0.03659756266088288,0,0,1,3
832,0,3,1,0.37170143252073384,0.014110458666029575,1,0,0,1
833,0,3,1,0.2837396330736366,0.015330377421392339,0,0,1,1
834,0,3,1,0.22090977632570996,0.016200521071217493,0,0,1,1
835,1,1,0,0.4847951746670017,0.16231419173453318,1,0,0,3
836,0,3,1,0.2586076903744659,0.016908073949327893,0,0,1,1
837,0,3,1,0.37170143252073384,0.015712553569072387,0,0,1,1
838,1,3,1,0.39683337521990447,0.11027245763075773,0,0,1,1
839,1,1,1,0.37170143252073384,0.057970539254838485,1,0,0,1
840,0,3,1,0.24604171902488062,0.015468569817999833,0,0,1,1
841,0,2,1,0.19577783362653933,0.020494635090094415,0,0,1,1
842,1,1,0,0.37170143252073384,0.060507970265993034,1,0,0,1
843,0,3,1,0.4282483035938678,0.012565163180236457,1,0,0,1
844,0,3,1,0.20834380497612465,0.016908073949327893,0,0,1,1
845,0,3,1,0.5224930887157577,0.014736618564782174,0,0,1,1
846,0,3,1,0.37170143252073384,0.13575255909676823,0,0,1,11
847,0,3,1,0.43453128926866047,0.015411575213749284,1,0,0,1
848,0,2,1,0.3465694898215632,0.06441171028315387,0,0,1,2
849,1,1,0,0.43453128926866047,0.17391981561855152,1,0,0,2
850,0,3,1,0.04498617743151546,0.06104473451835265,0,0,1,7
851,0,3,1,0.9246041719024881,0.015175789316712771,0,0,1,1
852,0,3,0,0.10781603417944208,0.029757819776815374,1,0,0,3
853,1,1,0,0.19577783362653933,0.07690367833806856,0,0,1,2
854,0,2,0,0.5476250314149284,0.050748620223090936,0,0,1,2
855,1,3,0,0.22090977632570996,0.01824998458022693,0,0,1,2
856,1,1,0,0.5601910027645137,0.32179836714362564,0,0,1,3
857,1,1,1,0.6355868308620256,0.051822148727810165,0,0,1,1
858,1,3,0,0.2963056044232219,0.03758969818624431,1,0,0,4
859,0,3,1,0.37170143252073384,0.014110458666029575,1,0,0,1
860,0,3,1,0.5099271173661724,0.027537567642055148,0,0,1,3
861,0,2,1,0.2586076903744659,0.022446505098674834,0,0,1,2
862,1,1,0,0.5978889168132696,0.050610427826483444,0,0,1,1
863,0,3,0,0.2586076903744659,0.13575255909676823,0,0,1,11
864,0,2,1,0.2963056044232219,0.025374310111545468,0,0,1,1
865,1,2,0,0.5224930887157577,0.025374310111545468,0,0,1,1
866,1,2,0,0.33400351847197784,0.027049600139910042,1,0,0,2
867,0,1,1,0.38426740387031916,0.09856123757927521,0,0,1,1
868,0,3,1,0.37170143252073384,0.018542765081513996,0,0,1,1
869,1,3,1,0.04498617743151546,0.021730754366528396,0,0,1,3
870,0,3,1,0.32143754712239253,0.015411575213749284,0,0,1,1
871,1,1,0,0.5853229454636844,0.10257896680493714,0,0,1,3
872,0,1,1,0.4093993465694898,0.009759350042902102,0,0,1,1
873,0,3,1,0.5853229454636844,0.017566830077223785,0,0,1,1
874,1,2,0,0.3465694898215632,0.04684488020593009,1,0,0,2
875,1,3,0,0.18321186227695402,0.014102260811993537,1,0,0,1
876,0,3,1,0.24604171902488062,0.019217721730481106,0,0,1,1
877,0,3,1,0.23347574767529528,0.015411575213749284,0,0,1,1
878,0,3,1,0.37170143252073384,0.015411575213749284,0,0,1,1
879,1,1,0,0.6984166876099522,0.16231419173453318,1,0,0,2
880,1,2,0,0.3088715757728072,0.050748620223090936,0,0,1,2
881,0,3,1,0.4093993465694898,0.015411575213749284,0,0,1,1
882,0,3,0,0.2711736617240513,0.02052723131923771,0,0,1,1
883,0,2,1,0.3465694898215632,0.020494635090094415,0,0,1,1
884,0,3,1,0.3088715757728072,0.013760683560491965,0,0,1,1
885,0,3,0,0.4847951746670017,0.056848213999904744,0,1,0,6
886,0,2,1,0.33400351847197784,0.025374310111545468,0,0,1,1
887,1,1,0,0.23347574767529528,0.05855610025741261,0,0,1,1
888,0,3,0,0.2586076903744659,0.04577135170121086,0,0,1,4
889,1,1,1,0.32143754712239253,0.05855610025741261,1,0,0,1
890,0,3,1,0.39683337521990447,0.015126992566498259,0,1,0,1
